{"cameraMode":{"drawMode":0,"name":"Shaded","section":"Shading Mode"},"sceneLighting":true,"audioPlay":false,"sceneViewState":{"m_AlwaysRefresh":false,"showFog":true,"showSkybox":false,"showFlares":true,"showImageEffects":true,"showParticleSystems":true,"showVisualEffectGraphs":true,"m_FxEnabled":true},"in2DMode":false,"pivot":{"x":0.14190036058425904,"y":-0.2262427806854248,"z":8.454824447631836},"rotation":{"x":-0.17764583230018617,"y":0.04810646176338196,"z":-0.008727903477847577,"w":-0.9828615188598633},"size":4.207394599914551,"orthographic":false}