{"cameraMode":{"drawMode":0,"name":"Shaded","section":"Shading Mode"},"sceneLighting":true,"audioPlay":false,"sceneViewState":{"m_AlwaysRefresh":false,"showFog":true,"showSkybox":false,"showFlares":true,"showImageEffects":true,"showParticleSystems":true,"showVisualEffectGraphs":true,"m_FxEnabled":true},"in2DMode":false,"pivot":{"x":-2.435426950454712,"y":-0.9876798391342163,"z":16.035877227783204},"rotation":{"x":0.07511141896247864,"y":-0.058304280042648318,"z":0.004435224458575249,"w":0.9954505562782288},"size":9.380803108215332,"orthographic":false}