{"cameraMode":{"drawMode":0,"name":"Shaded","section":"Shading Mode"},"sceneLighting":false,"audioPlay":false,"sceneViewState":{"m_AlwaysRefresh":false,"showFog":true,"showSkybox":false,"showFlares":true,"showImageEffects":true,"showParticleSystems":true,"showVisualEffectGraphs":true,"m_FxEnabled":true},"in2DMode":false,"pivot":{"x":0.18578863143920899,"y":0.7999999523162842,"z":10.448637008666993},"rotation":{"x":-0.3391350209712982,"y":0.06286939978599549,"z":-0.022756041958928109,"w":-0.9383394122123718},"size":1.9893717765808106,"orthographic":false}