{"cameraMode":{"drawMode":0,"name":"Shaded","section":"Shading Mode"},"sceneLighting":true,"audioPlay":false,"sceneViewState":{"m_AlwaysRefresh":false,"showFog":true,"showSkybox":false,"showFlares":true,"showImageEffects":true,"showParticleSystems":true,"showVisualEffectGraphs":true,"m_FxEnabled":true},"in2DMode":false,"pivot":{"x":-0.44830965995788576,"y":-0.24166011810302735,"z":10.637419700622559},"rotation":{"x":0.08557414263486862,"y":-0.055270127952098849,"z":0.004790841601788998,"w":0.9947770833969116},"size":6.663501262664795,"orthographic":false}