{"cameraMode":{"drawMode":0,"name":"Shaded","section":"Shading Mode"},"sceneLighting":true,"audioPlay":false,"sceneViewState":{"m_AlwaysRefresh":false,"showFog":true,"showSkybox":false,"showFlares":true,"showImageEffects":true,"showParticleSystems":true,"showVisualEffectGraphs":true,"m_FxEnabled":true},"in2DMode":false,"pivot":{"x":1.710585594177246,"y":-0.22759151458740235,"z":3.2878541946411135},"rotation":{"x":0.13005731999874116,"y":-0.2628597021102905,"z":0.03582160547375679,"w":0.9553468227386475},"size":12.12435531616211,"orthographic":false}